name,description
114年度A1交通事故資料.csv,114年度A1交通事故資料
114年度A2交通事故資料_1.csv,114年度A2交通事故資料_1
114年度A2交通事故資料_2.csv,114年度A2交通事故資料_2
114年度A2交通事故資料_3.csv,114年度A2交通事故資料_3
114年度A2交通事故資料_4.csv,114年度A2交通事故資料_4
114年度A2交通事故資料_5.csv,114年度A2交通事故資料_5
114年度A2交通事故資料_6.csv,114年度A2交通事故資料_6
114年度A2交通事故資料_7.csv,114年度A2交通事故資料_7
114年度A2交通事故資料_8.csv,114年度A2交通事故資料_8
114年度A2交通事故資料_9.csv,114年度A2交通事故資料_9
114年度A2交通事故資料_10.csv,114年度A2交通事故資料_10
114年度A2交通事故資料_11.csv,114年度A2交通事故資料_11
114年度A2交通事故資料_12.csv,114年度A2交通事故資料_12


